{"cameraMode":{"drawMode":0,"name":"Shaded","section":"Shading Mode"},"sceneLighting":true,"audioPlay":false,"sceneViewState":{"m_AlwaysRefresh":false,"showFog":true,"showSkybox":true,"showFlares":true,"showImageEffects":true,"showParticleSystems":true,"showVisualEffectGraphs":true,"m_FxEnabled":true},"in2DMode":false,"pivot":{"x":2.625408172607422,"y":-10.963142395019532,"z":3.3344016075134279},"rotation":{"x":0.18617750704288484,"y":0.2617073059082031,"z":-0.05152605473995209,"w":0.9456170201301575},"size":18.19167709350586,"orthographic":true}